{"cameraMode":{"drawMode":0,"name":"Shaded","section":"Shading Mode"},"sceneLighting":false,"audioPlay":false,"sceneViewState":{"m_AlwaysRefresh":false,"showFog":false,"showSkybox":false,"showFlares":false,"showImageEffects":false,"showParticleSystems":false,"showVisualEffectGraphs":true,"m_FxEnabled":true},"in2DMode":false,"pivot":{"x":0.010775387287139893,"y":0.8741583824157715,"z":0.16164934635162354},"rotation":{"x":0.19113826751708985,"y":0.12069585174322128,"z":-0.023684853687882425,"w":0.9738346934318543},"size":1.0994467735290528,"orthographic":false}